id,user_type,first_name,last_name,email,password,DOB,social_media,about,profile_pic,created_at,updated_at
1,1,Alden,Chin,MelBoggs38@example.com,V6NSRQOWEq2ms5QKC1/TLg==,1953-11-07,NULL,"Senior Advisor",NULL,"2020-07-26 18:30:40","2020-10-23 18:56:27"
2,2,Adela,Peeler,Chase@example.com,umIa9gZ7wZ1ESL3WzcZOCg==,2003-03-05,@BlytheTiny,"Finance Controller",https://yoke.ionhaverar.br/seedle/al/as/alth.png,"2020-03-20 03:19:31",NULL
3,1,Lewis,Peel,Fuentes@nowhere.com,sZy9bEedclCoowhsySrhNQ==,1954-06-05,@Nye_Abram,"Facilities Manager",http://co.butined.tw/ense/eve/hiour/wasonhadon.bmp,"2020-01-01 01:48:42",NULL
4,2,Jolene,Lapointe,Falk284@example.com,dVsfAKhNVdm+bcXhLDXTzw==,2001-12-23,@Maupin_Cherish,"Vice President",http://alhineasho.de/ve/ea/tentit.gif,"2021-07-20 04:38:06",NULL
5,1,Wally,Henry,Holli.Brandenburg9@example.com,wC+kPEvKyAVYVqHZ0MJC4w==,1992-01-27,@CarpenterTheresa,"Sales Agent",http://anithyouas.au/allestha/hadareea/leteingtha.gif,"2021-04-04 10:35:17","2021-06-16 00:24:58"
6,2,Mary,Mcintyre,Carla.Blocker@example.com,Z314Vzrheb7Mssn1QxUC0Q==,1975-12-14,@ClantonPatrick,"Senior Accountant",http://gumije.onentionhis.tr/edhinon/tianith/atasit/ereenentand.jpg,"2020-01-01 00:00:51",NULL
7,1,Kurtis,Dietrich,SylviaAshworth@example.com,p7NjpxBKVGzA+tc+6/JA8w==,1984-12-18,@SpoonerFlorida,"Vice President",http://tioterwasat.lu/itoulin/ormein/ntyou/inalfor.bmp,"2021-05-01 03:14:30",NULL
8,2,Barton,Berry,Alejandrina_Brinkman@nowhere.com,Af/x1SCPmY5IphcHjTiCoQ==,1965-01-18,@Seay_Arnette,"Technology Manager",https://toriso.hehenerver.ca/nehator/hadal/ithareat/thaingingst.bmp,"2020-12-20 10:33:23",NULL
9,1,Vincent,Diggs,ycktftof1805@example.com,ybhlYD9reh1YS40jr1KBkw==,1969-10-28,@Schuler_Carolina,"Business Analyst",http://ourtioverea.es/stwath/wit/retio.bmp,"2021-05-05 22:01:59",NULL
10,2,Devona,Henning,AbrahamAskew@example.com,ZLqoInrKtmC0dheDnchL/Q==,1956-03-02,@Callahan_Monte,"Buying Agent",https://shoasseit.fr/on/forasmeyou.jpg,"2020-01-01 01:01:46",NULL
11,1,Haydee,Mcinnis,SantosBerube@example.com,l7ApY+uAqOrRwttauKIufA==,1952-01-27,NULL,Operator,NULL,"2020-03-18 06:20:47","2020-07-23 20:47:22"
12,2,Milissa,Gerard,Andrade5@nowhere.com,GX/41XF92JNxCc5oMb1row==,1952-03-19,@HaysAngelo,"Product Manager",http://ourethiat.biz/youhen/ou/omemeheome.bmp,"2021-04-04 12:44:49",NULL
13,1,Tracie,Shepard,Oda_JLoyd68@example.com,4LHYsNbFz6oyISRTdwPJcg==,1984-05-11,@Breen_Agueda,"Communication Analyst",https://histioveor.org/isforoul/hewital/hi/wanotome.gif,"2020-01-01 00:16:30",NULL
14,2,Elvira,George,Louis_Schuler9@example.com,NPG8/GR8+ikx9bHnjYAR0g==,1958-06-24,@FaberMonty,"Vice President",https://thiannot.cn/ioner/wasneti.gif,"2020-01-01 00:00:09",NULL
15,1,Albertha,Henley,SadyeForte@example.com,cqspY1YgwsMIeC/o/vHAgg==,1969-03-28,@CarsonLinnea,"Commercial Manager",http://sevuce.seorhinhen.no/allallour/thingrehad.bmp,"2020-10-14 05:02:17",NULL
16,2,Jarvis,Valles,Begley717@example.com,3t+NGO6CIr4xkvipHXdg7g==,1992-08-31,NULL,"Sales Agent",http://omendevete.cz/herorare/onenarfor.jpg,"2020-07-11 06:10:12",NULL
17,1,Rosamond,Chisholm,RaymonAmbrose251@example.com,3kMT/uL5XFh7XLhtZFz8qA==,1952-01-01,@AckerFrank,"Business Consultant",http://anal.jp/mehatbut/alhiera.bmp,"2020-01-01 00:01:19",NULL
18,2,Willetta,Mckay,clewewsr6804@example.com,/ADIITRGX4FlP0iNx6kaaA==,1969-11-08,@Langston_Gracie,Secretary,http://ithreesea.fi/thhinal/tioterhiand.jpg,"2020-03-04 10:49:36","2020-08-08 10:41:44"
19,1,Alan,Vanburen,EileenBaumann@example.com,ew5AGzSQus0R7wVnwlVtug==,1952-02-20,@Hobson_Salome,"Facilities Manager",https://webena.buthierith.cy/tiing/it/washiuld/toandtoter.bmp,"2020-01-01 00:01:30",NULL
20,2,Belkis,Peebles,LaiAllen@example.com,xBCj3Cb7xugckwS5e700Zw==,1952-01-09,@CruseAntony,"Credit Analyst",https://eveleer.uk/edbutis/arehinti/evehait/ineras.bmp,"2021-02-12 07:54:27","2021-08-05 05:51:55"
21,1,Dell,Mckee,tlsu851@example.com,i5GmFYO2HQWERSvhcvynmA==,1985-06-26,@EngAnibal,"Communication Consultant",http://somu.hadisasion.kr/was/waoruld/ted/wasngtioall.jpg,"2020-11-08 16:01:48",NULL
22,2,Alexandria,Shephard,Lekisha_VAkins62@example.com,QXCywmt1g2JHNTn9AMWW/w==,1979-02-17,@Dawkins_Rosaura,"Solution Engineer",http://tewitoulas.com/on/uldwaas.png,"2021-05-31 12:47:05",NULL
23,1,Camellia,Peek,Mckinley.Dillard@example.com,3tWNjt9vSNEdksCLMH5piA==,1965-10-12,@AmaralMarcy,"Chief Executive Officer",http://zaviyo.hinneensho.ch/hean/tiaryou/leation/orththaas.gif,"2021-03-09 16:37:54",NULL
24,2,Perry,Large,EnriquezF@example.com,vS0JjJSE5UTBxUjxYxWYJQ==,1991-04-30,@Harrison_Frankie,"Technical Assistant",https://siyesu.ithisisthi.gr/ourarea/harete/ingterleyou.gif,"2020-01-01 01:19:27",NULL
25,1,Ross,Laporte,Vance_Blocker229@nowhere.com,c/q9GJ9dO3NmCJRzfYPykQ==,1964-06-03,@Adcock_Anderson,Advisor,https://duzunu.theed.mx/to/butsehadted.png,"2020-08-07 22:24:07",NULL
26,2,Jefferson,Gerald,RudolphKyle999@nowhere.com,kuTS2j0VKLyfZmi7wm1jPg==,1993-03-26,@Abbott_Adaline,"Database Administrator",https://ittheevesho.za/edoruld/inguldeveour.jpg,"2020-01-01 00:00:01",NULL
27,1,Flora,Dietz,Schumacher117@example.com,v+A+HWi/kVJ1iYuVCq702Q==,2002-04-27,@Wooten_Louis,"Branch Manager",https://satede.thahenneome.cy/ing/witourne/asoul.gif,"2020-12-29 08:05:55",NULL
28,2,Barney,Gerber,ArlenReddy787@nowhere.com,mQTZdZ2yrsRFdim2/hV2/w==,1952-03-30,@AdcockCharleen,Specialist,https://wije.estheswa.dk/me/thain/er/thito.jpg,"2020-10-24 16:31:06",NULL
29,1,Trinidad,Peeples,Calabrese282@example.com,yvNBqZb4pkWavvGxKkdh6w==,1977-11-26,@CrabtreeRolland,Secretary,https://youesandal.nl/oul/evestte.bmp,"2020-01-01 00:00:34",NULL
30,2,Martin,Mcintire,BustamanteN@example.com,CyTbmUXxdBh1YWY/4sAupw==,1962-02-22,@Mattox_Junior,"Director of Manufacturing",https://vetiontte.net/entiseve/ereouha/toesnot/inhenandere.gif,"2020-01-01 01:23:54",NULL
31,1,Stanton,Larkin,Haight@example.com,vLuzNERStAvftCs5I0JIUg==,1998-06-24,@Prater_Zachariah,NULL,http://fike.andfor.nz/or/anhisthi/verhenbutere.gif,"2020-01-01 02:04:07","2020-05-04 09:41:38"
32,2,Sabina,Shepherd,Audria_Lutz95@example.com,d8rpvM0Nc9sJcMJ8nx96Jg==,1993-11-08,@RuthAngelo,NULL,http://tuyuwo.ereas.it/thyouat/ndereted/ithou/enteswasat.bmp,"2020-01-01 01:52:56",NULL
33,1,Damaris,Mcintosh,Marshall_Weldon683@nowhere.com,42nGI1/XWS2kvTYiPJlqyg==,1978-12-11,@Madsen_Krysta,"Sales Administrator",https://qunoki.ngteeveent.cy/eserare/witseent/wathito/veand.bmp,"2020-05-13 20:14:24",NULL
34,2,Salome,Hensley,Kim@nowhere.com,YVR7m21jlzq/B2HDyR0Ltw==,1997-03-04,@AdamsonPalmer,NULL,https://denuca.alesesha.lu/leingte/orhehad/hiverhior.bmp,"2021-05-09 18:06:48","2021-10-20 00:20:36"
35,1,Adalberto,Vance,nbgxavvc_oapo@example.com,vTLFpfdB1FjeXR7WGFZACA==,1952-02-03,@BarberUlrike,NULL,http://isteteing.ca/es/th/se/wasasall.jpg,"2021-09-18 06:06:22","2021-11-28 09:06:37"
36,2,Maire,Van,DennaStroud@example.com,ZDp+N4NDq1ec6sHwJMO+1g==,1954-09-16,@FredericksNathaniel,"QA Manager",https://itithhentha.ch/enteand/eveour/youitsho/edhenheome.png,"2020-01-20 22:52:47",NULL
37,1,Lahoma,Shelton,Jose_Reddick@example.com,cFb8nNE4qFaeMPXG7XU7Og==,1978-01-06,NULL,"Senior Developer",https://wupe.thiarwasion.net/wa/you/forores/allherines.png,"2020-06-28 18:29:20",NULL
38,2,Serina,Lara,Doughty583@example.com,sSDooH3Nqjuf9f8o++D29w==,2001-11-20,@Gipson_Adrianne,"Sales Manager",https://tukipe.evethahenwit.il/enthiter/ndthesho/tio/ereareheral.jpg,"2020-01-01 00:00:27",NULL
39,1,Shaina,Berrios,SylviaC_Leroy88@nowhere.com,/PTXgO3IRufRPLSjGLe8uA==,1953-11-08,@BattenKathrine,"Vice President",NULL,"2020-01-01 00:39:27",NULL
40,2,Jeromy,Hennessey,Terence.Robins@nowhere.com,y5xyFCa3Nt5f+iP8ejZ7JA==,1993-03-15,@AmadorLauren,Secretary,NULL,"2020-01-01 00:11:18",NULL
